{
  "project_info": {
    "project_number": "508228303054",
    "firebase_url": "https://sampletest-c6b53.firebaseio.com",
    "project_id": "sampletest-c6b53",
    "storage_bucket": "sampletest-c6b53.appspot.com"
  },
  "client": [
    {
      "client_info": {
        "mobilesdk_app_id": "1:508228303054:android:1c03389e7dc78023",
        "android_client_info": {
          "package_name": "com.kcc.kcc_push"
        }
      },
      "oauth_client": [
        {
          "client_id": "508228303054-8lks8b5mqle6mgipn0vve3ujfk3ir432.apps.googleusercontent.com",
          "client_type": 3
        }
      ],
      "api_key": [
        {
          "current_key": "AIzaSyBASwYGLvponNdriv9DvyDEQNdqurMQM6k"
        }
      ],
      "services": {
        "appinvite_service": {
          "other_platform_oauth_client": [
            {
              "client_id": "508228303054-8lks8b5mqle6mgipn0vve3ujfk3ir432.apps.googleusercontent.com",
              "client_type": 3
            }
          ]
        }
      }
    }
  ],
  "configuration_version": "1"
}